project;tagCreatedOn;projectCreatedOn;platform;domain;stars;contributors;NEBTM;NDUCE;NDUSTE;NDUE;NDUCE/NDUE;NDUSTE/NDUE;NDTCE;NDTSTE;NDTE;NDTCE/NDTE;NDTSTE/NDTE;NDTCE/NDUCE;NDTSTE/NDUSTE;NDTSTE_NDUSTE_REAL;log10(stars)
libgdx;2019;2012;Multi-platform;Frameworks;15907;345;7;18;34;52;0.3462;0.6538;0;3;3;0.0;1.0;0.0;0.0882;0.0882;4.201588281073518
VasSonic;2019;2017;Mobile;Frameworks;10218;13;0;0;16;16;0.0;1.0;0;0;0;NaN;NaN;NaN;NaN;0.0;4.009365898346244
VirtualAPK;2018;2017;Mobile;Frameworks;7407;6;0;3;19;22;0.1364;0.8636;0;0;0;NaN;NaN;0.0;0.0;0.0;3.8696423446515946
atlas;2019;2017;Mobile;Frameworks;7331;22;0;21;88;109;0.1927;0.8073;0;0;0;NaN;NaN;0.0;0.0;0.0;3.865163219506086
RePlugin;2019;2017;Mobile;Frameworks;5941;21;0;2;32;34;0.0588;0.9412;0;0;0;NaN;NaN;0.0;0.0;0.0;3.773859552376687
RIBs;2018;2017;Mobile;Frameworks;5000;34;3;1;14;15;0.0667;0.9333;0;2;2;0.0;1.0;0.0;0.1429;0.1429;3.6989700043360187
Small;2018;2015;Mobile;Frameworks;4780;18;0;0;22;22;0.0;1.0;0;0;0;NaN;NaN;NaN;NaN;0.0;3.6794278966121188
robolectric;2019;2010;Mobile;Frameworks;4704;200;464;6;83;89;0.0674;0.9326;3;27;30;0.1;0.9;0.5;0.3253;0.3253;3.6724673130680823
smartTable;2018;2017;Mobile;Frameworks;3646;1;0;1;9;10;0.1;0.9;0;0;0;NaN;NaN;0.0;0.0;0.0;3.5618166643189575
Conductor;2018;2016;Mobile;Frameworks;3561;30;0;1;7;8;0.125;0.875;0;0;0;NaN;NaN;0.0;0.0;0.0;3.5515719736742537
Rosie;2018;2015;Mobile;Frameworks;1873;13;11;3;9;12;0.25;0.75;1;2;3;0.3333;0.6667;0.3333;0.2222;0.2222;3.2725377773752373
Component;2019;2018;Mobile;Frameworks;1485;3;0;10;14;24;0.4167;0.5833;0;0;0;NaN;NaN;0.0;0.0;0.0;3.171726453653231
MiPushFramework;2019;2017;Mobile;Frameworks;1387;7;0;2;30;32;0.0625;0.9375;0;0;0;NaN;NaN;0.0;0.0;0.0;3.1420764610732848
binding-collection-adapter;2019;2015;Mobile;Frameworks;1341;14;5;0;7;7;0.0;1.0;0;1;1;0.0;1.0;NaN;NaN;0.1429;3.127428777851599
RoboBinding;2016;2011;Mobile;Frameworks;1311;8;59;9;23;32;0.2812;0.7188;6;5;11;0.5455;0.4545;0.6667;0.2174;0.2174;3.117602691690084
EasyMVP;2017;2016;Mobile;Frameworks;1289;2;0;0;4;4;0.0;1.0;0;0;0;NaN;NaN;NaN;NaN;0.0;3.110252917353403
scoop;2016;2015;Mobile;Frameworks;1047;10;1;0;7;7;0.0;1.0;0;1;1;0.0;1.0;NaN;NaN;0.1429;3.0199466816788423
Hermes;2016;2016;Mobile;Frameworks;1004;2;0;1;10;11;0.0909;0.9091;0;0;0;NaN;NaN;0.0;0.0;0.0;3.0017337128090005
Shield;2018;2017;Mobile;Frameworks;818;2;0;0;4;4;0.0;1.0;0;0;0;NaN;NaN;NaN;NaN;0.0;2.912753303671323
logback-android;2019;2011;Mobile;Frameworks;804;65;26;10;45;55;0.1818;0.8182;1;8;9;0.1111;0.8889;0.1;0.1778;0.1778;2.905256048748451
JustWeEngine;2017;2015;Mobile;Frameworks;740;2;0;0;17;17;0.0;1.0;0;0;0;NaN;NaN;NaN;NaN;0.0;2.8692317197309762
AndRouter;2017;2016;Mobile;Frameworks;731;2;0;3;4;7;0.4286;0.5714;0;0;0;NaN;NaN;0.0;0.0;0.0;2.8639173769578603
Paginize;2017;2014;Mobile;Frameworks;612;2;0;2;7;9;0.2222;0.7778;0;0;0;NaN;NaN;0.0;0.0;0.0;2.7867514221455614
android_frameworks_base;2015;2013;Mobile;Frameworks;594;164;188;90;108;198;0.4545;0.5455;11;20;31;0.3548;0.6452;0.1222;0.1852;0.1852;2.7737864449811935
mobius;2019;2018;Mobile;Frameworks;593;8;32;3;9;12;0.25;0.75;0;5;5;0.0;1.0;0.0;0.5556;0.5556;2.7730546933642626
android-test;2019;2015;Mobile;Frameworks;584;14;157;20;57;77;0.2597;0.7403;10;13;23;0.4348;0.5652;0.5;0.2281;0.2281;2.7664128471123997
android-data-binding-recyclerview;2015;2015;Mobile;Frameworks;571;2;0;0;1;1;0.0;1.0;0;0;0;NaN;NaN;NaN;NaN;0.0;2.756636108245848
lancet;2019;2017;Mobile;Frameworks;456;4;0;4;14;18;0.2222;0.7778;0;0;0;NaN;NaN;0.0;0.0;0.0;2.658964842664435
realm-android-adapters;2018;2016;Mobile;Frameworks;392;16;3;0;2;2;0.0;1.0;0;2;2;0.0;1.0;NaN;NaN;1.0;2.593286067020457
LGame;2019;2012;Multi-platform;Frameworks;387;2;0;28;43;71;0.3944;0.6056;0;0;0;NaN;NaN;0.0;0.0;0.0;2.5877109650189114
engine;2017;2016;Desktop/Server;Frameworks;335;2;1;20;48;68;0.2941;0.7059;0;1;1;0.0;1.0;0.0;0.0208;0.0208;2.525044807036845
SAF;2016;2014;Mobile;Frameworks;295;4;0;5;38;43;0.1163;0.8837;0;0;0;NaN;NaN;0.0;0.0;0.0;2.469822015978163
Android-Face-Recognition-with-Deep-Learning-Test-Framework;2017;2016;Mobile;Frameworks;278;1;0;0;2;2;0.0;1.0;0;0;0;NaN;NaN;NaN;NaN;0.0;2.444044795918076
bento;2019;2019;Mobile;Frameworks;257;9;9;0;8;8;0.0;1.0;0;3;3;0.0;1.0;NaN;NaN;0.375;2.4099331233312946
tinylog;2019;2012;Multi-platform;Frameworks;252;3;78;0;22;22;0.0;1.0;0;4;4;0.0;1.0;NaN;NaN;0.1818;2.401400540781544
container;2017;2017;Mobile;Frameworks;248;1;0;3;33;36;0.0833;0.9167;0;0;0;NaN;NaN;0.0;0.0;0.0;2.3944516808262164
transfuse;2018;2011;Mobile;Frameworks;226;9;3;11;22;33;0.3333;0.6667;1;0;1;1.0;0.0;0.0909;0.0;0.0;2.3541084391474008
SeLion;2017;2014;Desktop/Server;Frameworks;222;20;148;16;46;62;0.2581;0.7419;7;11;18;0.3889;0.6111;0.4375;0.2391;0.2391;2.346352974450639
SmartRefreshHorizontal;2019;2019;Mobile;Frameworks;210;1;0;0;3;3;0.0;1.0;0;0;0;NaN;NaN;NaN;NaN;0.0;2.322219294733919
Android-Router;2017;2017;Mobile;Frameworks;206;1;0;2;10;12;0.1667;0.8333;0;0;0;NaN;NaN;0.0;0.0;0.0;2.3138672203691533
Slick;2018;2018;Mobile;Frameworks;202;2;0;0;12;12;0.0;1.0;0;0;0;NaN;NaN;NaN;NaN;0.0;2.305351369446624
simple-mvp;2016;2016;Mobile;Frameworks;200;1;0;0;7;7;0.0;1.0;0;0;0;NaN;NaN;NaN;NaN;0.0;2.3010299956639813
playn;2019;2015;Multi-platform;Frameworks;198;34;48;5;30;35;0.1429;0.8571;2;0;2;1.0;0.0;0.4;0.0;0.0;2.296665190261531
AndroidMvc;2017;2015;Mobile;Frameworks;196;2;44;9;17;26;0.3462;0.6538;6;5;11;0.5455;0.4545;0.6667;0.2941;0.2941;2.292256071356476
relight;2019;2018;Mobile;Frameworks;185;4;0;2;9;11;0.1818;0.8182;0;0;0;NaN;NaN;0.0;0.0;0.0;2.2671717284030137
EasyRouter;2017;2017;Mobile;Frameworks;164;1;0;1;5;6;0.1667;0.8333;0;0;0;NaN;NaN;0.0;0.0;0.0;2.214843848047698
wechatbot-xposed;2018;2018;Mobile;Frameworks;145;2;0;0;6;6;0.0;1.0;0;0;0;NaN;NaN;NaN;NaN;0.0;2.161368002234975
EasyBle;2018;2018;Mobile;Frameworks;134;2;0;0;3;3;0.0;1.0;0;0;0;NaN;NaN;NaN;NaN;0.0;2.1271047983648077
uitkyk;2018;2018;Mobile;Frameworks;123;1;0;0;6;6;0.0;1.0;0;0;0;NaN;NaN;NaN;NaN;0.0;2.089905111439398
Pan;2018;2015;Mobile;Frameworks;115;2;0;0;4;4;0.0;1.0;0;0;0;NaN;NaN;NaN;NaN;0.0;2.060697840353612
RxViper;2018;2016;Mobile;Frameworks;107;1;9;0;4;4;0.0;1.0;0;3;3;0.0;1.0;NaN;NaN;0.75;2.0293837776852097
funf-core-android;2013;2015;Mobile;Frameworks;83;3;0;1;33;34;0.0294;0.9706;0;0;0;NaN;NaN;0.0;0.0;0.0;1.919078092376074
AndroidDvbDriver;2018;2017;Mobile;Frameworks;78;3;1;1;17;18;0.0556;0.9444;0;0;0;NaN;NaN;0.0;0.0;0.0;1.8920946026904804
WeexErosFramework;2018;2017;Mobile;Frameworks;76;4;0;0;32;32;0.0;1.0;0;0;0;NaN;NaN;NaN;NaN;0.0;1.8808135922807914
MPAndroidChart;2019;2014;Mobile;Libraries;28578;66;0;0;6;6;0.0;1.0;0;0;0;NaN;NaN;NaN;NaN;0.0;4.456031831895234
glide;2019;2013;Mobile;Libraries;27236;102;144;9;36;45;0.2;0.8;1;13;14;0.0714;0.9286;0.1111;0.3611;0.3611;4.4351433255063055
zxing;2019;2011;Multi-platform;Libraries;23663;97;21;7;29;36;0.1944;0.8056;4;1;5;0.8;0.2;0.5714;0.0345;0.0345;4.374069803726075
picasso;2018;2013;Mobile;Libraries;17035;89;94;2;15;17;0.1176;0.8824;0;8;8;0.0;1.0;0.0;0.5333;0.5333;4.231342137903896
Android-Universal-Image-Loader;2015;2011;Mobile;Libraries;16586;35;0;1;19;20;0.05;0.95;0;0;0;NaN;NaN;0.0;0.0;0.0;4.219741661046302
fresco;2019;2015;Mobile;Libraries;15847;166;70;11;40;51;0.2157;0.7843;2;10;12;0.1667;0.8333;0.1818;0.25;0.25;4.199947057925218
tinker;2019;2016;Mobile;Libraries;14242;24;0;10;39;49;0.2041;0.7959;0;0;0;NaN;NaN;0.0;0.0;0.0;4.15357098143378
Android-ObservableScrollView;2015;2014;Mobile;Libraries;9449;14;1;0;7;7;0.0;1.0;0;1;1;0.0;1.0;NaN;NaN;0.1429;3.9753858489894673
Fragmentation;2019;2016;Mobile;Libraries;9048;16;0;0;7;7;0.0;1.0;0;0;0;NaN;NaN;NaN;NaN;0.0;3.956552591917399
BottomBar;2017;2016;Mobile;Libraries;8304;33;4;1;8;9;0.1111;0.8889;0;3;3;0.0;1.0;0.0;0.375;0.375;3.9192873405043827
Android-Debug-Database;2019;2016;Mobile;Libraries;6471;12;0;0;9;9;0.0;1.0;0;0;0;NaN;NaN;NaN;NaN;0.0;3.8109713998222077
AgentWeb;2019;2017;Mobile;Libraries;6326;4;0;2;15;17;0.1176;0.8824;0;0;0;NaN;NaN;0.0;0.0;0.0;3.801129187579704
epoxy;2019;2016;Mobile;Libraries;5840;40;30;3;20;23;0.1304;0.8696;2;3;5;0.4;0.6;0.6667;0.15;0.15;3.7664128471123997
ListViewAnimations;2014;2013;Mobile;Libraries;5708;14;0;0;9;9;0.0;1.0;0;0;0;NaN;NaN;NaN;NaN;0.0;3.756483964442609
android-job;2019;2015;Mobile;Libraries;5301;22;22;2;24;26;0.0769;0.9231;1;5;6;0.1667;0.8333;0.5;0.2083;0.2083;3.7243578042264267
mosby;2018;2015;Mobile;Libraries;5281;39;9;0;9;9;0.0;1.0;0;3;3;0.0;1.0;NaN;NaN;0.3333;3.7227161674884948
android-advancedrecyclerview;2018;2015;Mobile;Libraries;4668;17;10;0;7;7;0.0;1.0;0;2;2;0.0;1.0;NaN;NaN;0.2857;3.6691308473733324
Fast-Android-Networking;2018;2016;Mobile;Libraries;4567;11;0;1;8;9;0.1111;0.8889;0;0;0;NaN;NaN;0.0;0.0;0.0;3.6596310116070008
android-crop;2015;2014;Mobile;Libraries;4394;20;0;0;9;9;0.0;1.0;0;0;0;NaN;NaN;NaN;NaN;0.0;3.6428600525844916
Dexter;2019;2015;Mobile;Libraries;4086;32;3;1;3;4;0.25;0.75;1;0;1;1.0;0.0;1.0;0.0;0.0;3.611298362296429
zxing-android-embedded;2019;2012;Mobile;Libraries;3838;32;0;0;9;9;0.0;1.0;0;0;0;NaN;NaN;NaN;NaN;0.0;3.5841049703994527
Bolts-Android;2019;2014;Mobile;Libraries;3784;15;4;0;9;9;0.0;1.0;0;2;2;0.0;1.0;NaN;NaN;0.2222;3.5779511277297553
Store;2019;2016;Mobile;Libraries;3569;42;27;5;20;25;0.2;0.8;1;4;5;0.2;0.8;0.2;0.2;0.2;3.5525465479556604
DeepLinkDispatch;2019;2015;Mobile;Libraries;3535;34;2;0;14;14;0.0;1.0;0;1;1;0.0;1.0;NaN;NaN;0.0714;3.5483894181329183
spruce-android;2017;2017;Mobile;Libraries;3253;6;6;0;4;4;0.0;1.0;0;3;3;0.0;1.0;NaN;NaN;0.75;3.5122840632818537
LoganSquare;2016;2015;Mobile;Libraries;3220;8;0;2;8;10;0.2;0.8;0;0;0;NaN;NaN;0.0;0.0;0.0;3.507855871695831
FlexibleAdapter;2018;2015;Mobile;Libraries;3207;17;1;0;6;6;0.0;1.0;0;1;1;0.0;1.0;NaN;NaN;0.1667;3.5060989599284405
android-saripaar;2015;2012;Mobile;Libraries;3064;12;0;3;12;15;0.2;0.8;0;0;0;NaN;NaN;0.0;0.0;0.0;3.486288760960566
robospice;2014;2012;Mobile;Libraries;3034;24;11;5;20;25;0.2;0.8;1;2;3;0.3333;0.6667;0.2;0.1;0.1;3.4820155764507117
blurkit-android;2019;2016;Mobile;Libraries;3013;7;0;1;4;5;0.2;0.8;0;0;0;NaN;NaN;0.0;0.0;0.0;3.478999131673357
cordova-android;2019;2012;Mobile;Libraries;2767;166;0;0;20;20;0.0;1.0;0;0;0;NaN;NaN;NaN;NaN;0.0;3.442009159140952
AppUpdate;2017;2017;Mobile;Libraries;2700;3;0;0;8;8;0.0;1.0;0;0;0;NaN;NaN;NaN;NaN;0.0;3.4313637641589874
ffmpeg-android-java;2016;2014;Mobile;Libraries;2610;5;0;2;7;9;0.2222;0.7778;0;0;0;NaN;NaN;0.0;0.0;0.0;3.416640507338281
hover;2017;2015;Mobile;Libraries;2532;3;0;0;6;6;0.0;1.0;0;0;0;NaN;NaN;NaN;NaN;0.0;3.4034637013453173
web3j;2019;2016;Mobile;Libraries;2526;103;67;10;32;42;0.2381;0.7619;5;8;13;0.3846;0.6154;0.5;0.25;0.25;3.402433346219312
MaterialChipsInput;2017;2017;Mobile;Libraries;2482;2;0;0;1;1;0.0;1.0;0;0;0;NaN;NaN;NaN;NaN;0.0;3.394801777162711
sensey;2017;2015;Mobile;Libraries;2478;3;4;0;1;1;0.0;1.0;0;0;0;NaN;NaN;NaN;NaN;0.0;3.3941013020400446
joda-time-android;2019;2014;Mobile;Libraries;2411;16;10;0;6;6;0.0;1.0;0;2;2;0.0;1.0;NaN;NaN;0.3333;3.382197210377454
Slidr;2019;2014;Mobile;Libraries;2395;8;0;0;3;3;0.0;1.0;0;0;0;NaN;NaN;NaN;NaN;0.0;3.379305517750582
device-year-class;2015;2015;Mobile;Libraries;2379;11;0;0;4;4;0.0;1.0;0;0;0;NaN;NaN;NaN;NaN;0.0;3.3763944420372662
PlayerBase;2019;2017;Mobile;Libraries;2360;2;0;0;8;8;0.0;1.0;0;0;0;NaN;NaN;NaN;NaN;0.0;3.3729120029701067
ViewAnimator;2016;2015;Mobile;Libraries;2350;7;0;0;2;2;0.0;1.0;0;0;0;NaN;NaN;NaN;NaN;0.0;3.3710678622717363
RxCache;2017;2016;Mobile;Libraries;2305;14;12;2;17;19;0.1053;0.8947;0;2;2;0.0;1.0;0.0;0.1176;0.1176;3.362670929725667
PRDownloader;2019;2017;Mobile;Libraries;2305;7;0;0;9;9;0.0;1.0;0;0;0;NaN;NaN;NaN;NaN;0.0;3.362670929725667
android-beacon-library;2019;2014;Mobile;Libraries;2303;50;4;3;22;25;0.12;0.88;0;2;2;0.0;1.0;0.0;0.0909;0.0909;3.362293937964231
TableView;2018;2017;Mobile;Libraries;2296;7;0;0;1;1;0.0;1.0;0;0;0;NaN;NaN;NaN;NaN;0.0;3.3609718837259357
ReactiveNetwork;2019;2015;Mobile;Libraries;2215;10;15;0;3;3;0.0;1.0;0;1;1;0.0;1.0;NaN;NaN;0.3333;3.3453737305590883
reark;2017;2013;Mobile;Libraries;2120;12;10;0;7;7;0.0;1.0;0;2;2;0.0;1.0;NaN;NaN;0.2857;3.326335860928751
Smack;2019;2014;Mobile;Libraries;2003;70;112;42;88;130;0.3231;0.6769;6;8;14;0.4286;0.5714;0.1429;0.0909;0.0909;3.3016809492935764
PlaceHolderView;2018;2016;Mobile;Libraries;1950;7;0;1;13;14;0.0714;0.9286;0;0;0;NaN;NaN;0.0;0.0;0.0;3.290034611362518
KJFrameForAndroid;2015;2014;Mobile;Libraries;1949;5;0;1;33;34;0.0294;0.9706;0;0;0;NaN;NaN;0.0;0.0;0.0;3.2898118391176214
PhotoEditor;2019;2018;Mobile;Libraries;1894;6;0;0;7;7;0.0;1.0;0;0;0;NaN;NaN;NaN;NaN;0.0;3.2773799746672547
stetho;2019;2015;Mobile;Tools;11454;50;0;11;38;49;0.2245;0.7755;0;0;0;NaN;NaN;0.0;0.0;0.0;4.058957178777311
Apktool;2019;2012;Desktop/Server;Tools;8821;54;4;15;24;39;0.3846;0.6154;3;0;3;1.0;0.0;0.2;0.0;0.0;3.9455178220778397
dex2jar;2018;2015;Desktop/Server;Tools;6653;5;1;7;30;37;0.1892;0.8108;1;0;1;1.0;0.0;0.1429;0.0;0.0;3.8230175234460493
freeline;2017;2016;Desktop/Server;Tools;5193;16;0;0;23;23;0.0;1.0;0;0;0;NaN;NaN;NaN;NaN;0.0;3.715418322595056
NullAway;2019;2017;Multi-platform;Tools;2607;12;0;1;11;12;0.0833;0.9167;0;0;0;NaN;NaN;0.0;0.0;0.0;3.416141031168329
vectalign;2016;2015;Mobile;Tools;2017;2;0;0;10;10;0.0;1.0;0;0;0;NaN;NaN;NaN;NaN;0.0;3.3047058982127653
AndroidGodEye;2019;2017;Mobile;Tools;1874;4;0;4;15;19;0.2105;0.7895;0;0;0;NaN;NaN;0.0;0.0;0.0;3.2727695865517594
osmdroid;2019;2014;Mobile;Tools;1741;46;0;3;35;38;0.0789;0.9211;0;0;0;NaN;NaN;0.0;0.0;0.0;3.240798771117331
permissions4m;2017;2017;Mobile;Tools;1678;1;0;0;10;10;0.0;1.0;0;0;0;NaN;NaN;NaN;NaN;0.0;3.2247919564926817
bundletool;2019;2018;Desktop/Server;Tools;1315;6;418;34;36;70;0.4857;0.5143;23;8;31;0.7419;0.2581;0.6765;0.2222;0.2222;3.1189257528257768
QBox;2017;2017;Mobile;Tools;1258;1;0;0;23;23;0.0;1.0;0;0;0;NaN;NaN;NaN;NaN;0.0;3.09968064110925
bugsnag-android;2019;2011;Mobile;Tools;915;32;28;3;16;19;0.1579;0.8421;1;5;6;0.1667;0.8333;0.3333;0.3125;0.3125;2.9614210940664485
androidpn;2012;2012;Mobile;Tools;887;1;2;5;26;31;0.1613;0.8387;1;1;2;0.5;0.5;0.2;0.0385;0.0385;2.9479236198317262
AndroidNetworkTools;2018;2015;Mobile;Tools;792;4;13;0;10;10;0.0;1.0;0;1;1;0.0;1.0;NaN;NaN;0.1;2.8987251815894934
AppiumTestDistribution;2019;2015;Desktop/Server;Tools;633;28;0;0;14;14;0.0;1.0;0;0;0;NaN;NaN;NaN;NaN;0.0;2.801403710017355
apk-dependency-graph;2019;2016;Desktop/Server;Tools;556;4;0;0;3;3;0.0;1.0;0;0;0;NaN;NaN;NaN;NaN;0.0;2.7450747915820575
scytale;2017;2016;Mobile;Tools;420;4;0;0;17;17;0.0;1.0;0;0;0;NaN;NaN;NaN;NaN;0.0;2.6232492903979003
osmtracker-android;2019;2011;Mobile;Tools;364;22;0;2;14;16;0.125;0.875;0;0;0;NaN;NaN;0.0;0.0;0.0;2.561101383649056
Bugtags-Android;2017;2015;Mobile;Tools;339;4;0;0;10;10;0.0;1.0;0;0;0;NaN;NaN;NaN;NaN;0.0;2.530199698203082
brut.apktool;2013;2011;Desktop/Server;Tools;331;8;41;15;26;41;0.3659;0.6341;0;1;1;0.0;1.0;0.0;0.0385;0.0385;2.519827993775719
Book-Catalogue;2016;2010;Mobile;Tools;309;20;0;9;51;60;0.15;0.85;0;0;0;NaN;NaN;0.0;0.0;0.0;2.4899584794248346
uber-apk-signer;2018;2016;Desktop/Server;Tools;292;2;4;0;5;5;0.0;1.0;0;1;1;0.0;1.0;NaN;NaN;0.2;2.4653828514484184
Utils-Everywhere;2019;2016;Mobile;Tools;281;1;12;0;25;25;0.0;1.0;0;2;2;0.0;1.0;NaN;NaN;0.08;2.44870631990508
bee;2015;2014;Mobile;Tools;280;2;1;0;6;6;0.0;1.0;0;0;0;NaN;NaN;NaN;NaN;0.0;2.4471580313422194
ToolsFinal;2015;2015;Mobile;Tools;227;1;0;0;15;15;0.0;1.0;0;0;0;NaN;NaN;NaN;NaN;0.0;2.3560258571931225
density-converter;2019;2016;Multi-platform;Tools;211;2;6;2;10;12;0.1667;0.8333;1;0;1;1.0;0.0;0.5;0.0;0.0;2.3242824552976926
Dream-Catcher;2017;2016;Mobile;Tools;205;1;0;16;44;60;0.2667;0.7333;0;0;0;NaN;NaN;0.0;0.0;0.0;2.311753861055754
AndroidTools;2019;2016;Mobile;Tools;184;1;0;0;17;17;0.0;1.0;0;0;0;NaN;NaN;NaN;NaN;0.0;2.2648178230095364
enroscar;2016;2012;Mobile;Tools;184;5;8;0;27;27;0.0;1.0;0;2;2;0.0;1.0;NaN;NaN;0.0741;2.2648178230095364
FCM-toolbox;2019;2017;Mobile;Tools;176;1;0;0;3;3;0.0;1.0;0;0;0;NaN;NaN;NaN;NaN;0.0;2.24551266781415
croperino;2018;2016;Mobile;Tools;171;5;0;0;7;7;0.0;1.0;0;0;0;NaN;NaN;NaN;NaN;0.0;2.2329961103921536
AndroidPerformanceTools;2017;2017;Mobile;Tools;152;1;0;0;3;3;0.0;1.0;0;0;0;NaN;NaN;NaN;NaN;0.0;2.1818435879447726
Typesetter;2017;2017;Mobile;Tools;149;1;0;0;2;2;0.0;1.0;0;0;0;NaN;NaN;NaN;NaN;0.0;2.173186268412274
GridPagerSnapHelper;2017;2017;Mobile;Tools;133;1;0;0;2;2;0.0;1.0;0;0;0;NaN;NaN;NaN;NaN;0.0;2.123851640967086
meter;2015;2014;Desktop/Server;Tools;123;2;1;0;4;4;0.0;1.0;0;1;1;0.0;1.0;NaN;NaN;0.25;2.089905111439398
easyrs;2016;2016;Mobile;Tools;114;2;0;0;1;1;0.0;1.0;0;0;0;NaN;NaN;NaN;NaN;0.0;2.0569048513364727
DavidAndroidProjectTools;2017;2016;Mobile;Tools;104;1;0;2;30;32;0.0625;0.9375;0;0;0;NaN;NaN;0.0;0.0;0.0;2.0170333392987803
FAST;2018;2012;Mobile;Tools;89;16;0;0;10;10;0.0;1.0;0;0;0;NaN;NaN;NaN;NaN;0.0;1.9493900066449128
uber-adb-tools;2018;2016;Mobile;Tools;86;1;2;0;5;5;0.0;1.0;0;2;2;0.0;1.0;NaN;NaN;0.4;1.9344984512435677
size-analyzer;2019;2019;Desktop/Server;Tools;85;3;3;0;9;9;0.0;1.0;0;1;1;0.0;1.0;NaN;NaN;0.1111;1.9294189257142926
EasyPermissionUtil;2016;2015;Mobile;Tools;81;1;0;0;6;6;0.0;1.0;0;0;0;NaN;NaN;NaN;NaN;0.0;1.9084850188786497
AndroidJUnit4;2014;2012;Mobile;Tools;70;5;1;0;28;28;0.0;1.0;0;0;0;NaN;NaN;NaN;NaN;0.0;1.845098040014257
anticipate;2016;2015;Mobile;Tools;68;3;0;0;14;14;0.0;1.0;0;0;0;NaN;NaN;NaN;NaN;0.0;1.8325089127062364
accessibilitools;2018;2016;Mobile;Tools;66;13;3;0;3;3;0.0;1.0;0;0;0;NaN;NaN;NaN;NaN;0.0;1.8195439355418688
Andzu;2017;2017;Mobile;Tools;65;2;0;0;3;3;0.0;1.0;0;0;0;NaN;NaN;NaN;NaN;0.0;1.8129133566428555
BuildmLearn-Toolkit-Android;2016;2015;Mobile;Tools;53;19;0;0;26;26;0.0;1.0;0;0;0;NaN;NaN;NaN;NaN;0.0;1.724275869600789
Box;2019;2018;Mobile;Tools;44;1;0;0;8;8;0.0;1.0;0;0;0;NaN;NaN;NaN;NaN;0.0;1.6434526764861874
ArcgisTool;2018;2018;Mobile;Tools;32;1;0;0;4;4;0.0;1.0;0;0;0;NaN;NaN;NaN;NaN;0.0;1.505149978319906
AARemu;2017;2014;Mobile;Tools;31;1;0;2;16;18;0.1111;0.8889;0;0;0;NaN;NaN;0.0;0.0;0.0;1.4913616938342726
BangScreenToolsMaster;2018;2018;Mobile;Tools;30;1;0;0;5;5;0.0;1.0;0;0;0;NaN;NaN;NaN;NaN;0.0;1.4771212547196624
apksigner;2018;2014;Mobile;Tools;30;1;1;1;14;15;0.0667;0.9333;1;1;2;0.5;0.5;1.0;0.0714;0.0714;1.4771212547196624
Watcher;2017;2016;Mobile;Tools;29;1;0;0;1;1;0.0;1.0;0;0;0;NaN;NaN;NaN;NaN;0.0;1.462397997898956
AndroidStarterKit;2017;2016;Desktop/Server;Tools;28;2;0;5;9;14;0.3571;0.6429;0;0;0;NaN;NaN;0.0;0.0;0.0;1.4471580313422192
spring-boot;2019;2012;Multi-platform;Frameworks;42047;385;1290;40;121;161;0.2484;0.7516;20;36;56;0.3571;0.6429;0.5;0.2975;0.2975;4.623735014880087
spring-framework;2019;2010;Multi-platform;Frameworks;32455;393;2329;204;170;374;0.5455;0.4545;116;44;160;0.725;0.275;0.5686;0.2588;0.2588;4.511281613467142
dubbo;2019;2012;Desktop/Server;Frameworks;29258;250;315;9;56;65;0.1385;0.8615;7;16;23;0.3043;0.6957;0.7778;0.2857;0.2857;4.46624463557431
netty;2019;2010;Desktop/Server;Frameworks;20823;352;779;37;88;125;0.296;0.704;18;29;47;0.383;0.617;0.4865;0.3295;0.3295;4.318543299122021
ghidra;2019;2019;Desktop/Server;Frameworks;17491;73;348;138;114;252;0.5476;0.4524;33;16;49;0.6735;0.3265;0.2391;0.1404;0.1404;4.24281463978553
selenium;2019;2013;Multi-platform;Frameworks;15643;389;421;29;48;77;0.3766;0.6234;20;13;33;0.6061;0.3939;0.6897;0.2708;0.2708;4.194320045303423
mybatis-3;2019;2013;Desktop/Server;Frameworks;11882;134;100;17;31;48;0.3542;0.6458;9;8;17;0.5294;0.4706;0.5294;0.2581;0.2581;4.074889548040669
xxl-job;2019;2015;Desktop/Server;Frameworks;10121;26;0;1;21;22;0.0455;0.9545;0;0;0;NaN;NaN;0.0;0.0;0.0;4.005223424858136
mockito;2019;2012;Multi-platform;Frameworks;9436;163;623;10;28;38;0.2632;0.7368;6;16;22;0.2727;0.7273;0.6;0.5714;0.5714;3.974787932213558
platform_frameworks_base;2019;2008;Mobile;Frameworks;8766;167;806;184;153;337;0.546;0.454;22;36;58;0.3793;0.6207;0.1196;0.2353;0.2353;3.9428014663179405
guice;2018;2014;Multi-platform;Frameworks;8537;49;391;8;28;36;0.2222;0.7778;4;8;12;0.3333;0.6667;0.5;0.2857;0.2857;3.931305281421673
spark;2019;2011;Desktop/Server;Frameworks;8480;119;28;4;20;24;0.1667;0.8333;1;4;5;0.2;0.8;0.25;0.2;0.2;3.9283958522567137
webmagic;2017;2013;Desktop/Server;Frameworks;8411;34;2;0;30;30;0.0;1.0;0;1;1;0.0;1.0;NaN;NaN;0.0333;3.924847632975537
junit4;2019;2009;Multi-platform;Frameworks;7633;143;155;15;24;39;0.3846;0.6154;8;11;19;0.4211;0.5789;0.5333;0.4583;0.4583;3.882695262381597
hsweb-framework;2019;2016;Desktop/Server;Frameworks;6613;16;0;14;37;51;0.2745;0.7255;0;0;0;NaN;NaN;0.0;0.0;0.0;3.820398522703982
springside4;2017;2012;Desktop/Server;Frameworks;5714;21;27;2;42;44;0.0455;0.9545;1;7;8;0.125;0.875;0.5;0.1667;0.1667;3.756940236046724
elastic-job-lite;2017;2015;Desktop/Server;Frameworks;5270;18;39;11;26;37;0.2973;0.7027;6;2;8;0.75;0.25;0.5455;0.0769;0.0769;3.7218106152125467
motan;2019;2016;Desktop/Server;Frameworks;5244;30;9;5;33;38;0.1316;0.8684;1;2;3;0.3333;0.6667;0.2;0.0606;0.0606;3.7196626830180466
blade;2018;2015;Desktop/Server;Frameworks;4953;21;10;11;29;40;0.275;0.725;0;4;4;0.0;1.0;0.0;0.1379;0.1379;3.694868327982456
FrameworkBenchmarks;2019;2013;Multi-platform;Frameworks;4456;378;0;0;30;30;0.0;1.0;0;0;0;NaN;NaN;NaN;NaN;0.0;3.6489451821656727
netty-socketio;2019;2012;Desktop/Server;Frameworks;4244;28;1;1;11;12;0.0833;0.9167;0;0;0;NaN;NaN;0.0;0.0;0.0;3.627775375229303
spring-security;2019;2012;Multi-platform;Frameworks;3888;301;1490;44;105;149;0.2953;0.7047;37;23;60;0.6167;0.3833;0.8409;0.219;0.219;3.589726256254237
atmosphere;2019;2010;Desktop/Server;Frameworks;3362;104;9;2;42;44;0.0455;0.9545;1;4;5;0.2;0.8;0.5;0.0952;0.0952;3.526597709103452
sofa-boot;2019;2018;Desktop/Server;Frameworks;3307;15;6;5;26;31;0.1613;0.8387;2;1;3;0.6667;0.3333;0.4;0.0385;0.0385;3.519434194913703
jvm-sandbox;2019;2017;Desktop/Server;Frameworks;2947;18;1;5;19;24;0.2083;0.7917;1;0;1;1.0;0.0;0.2;0.0;0.0;3.469380135849925
jfinal;2019;2012;Desktop/Server;Frameworks;2943;18;0;8;29;37;0.2162;0.7838;0;0;0;NaN;NaN;0.0;0.0;0.0;3.468790262099611
tx-lcn;2019;2017;Desktop/Server;Frameworks;2893;12;0;14;19;33;0.4242;0.5758;0;0;0;NaN;NaN;0.0;0.0;0.0;3.461348433647983
sofa-rpc;2019;2018;Desktop/Server;Frameworks;2851;36;33;7;32;39;0.1795;0.8205;3;4;7;0.4286;0.5714;0.4286;0.125;0.125;3.45499721730946
micronaut-core;2019;2018;Desktop/Server;Frameworks;2785;152;6;48;61;109;0.4404;0.5596;0;2;2;0.0;1.0;0.0;0.0328;0.0328;3.4448251995097476
powermock;2019;2014;Multi-platform;Frameworks;2768;42;201;13;38;51;0.2549;0.7451;8;12;20;0.4;0.6;0.6154;0.3158;0.3158;3.44216608578472
light-4j;2019;2016;Desktop/Server;Frameworks;2477;24;38;5;47;52;0.0962;0.9038;2;6;8;0.25;0.75;0.4;0.1277;0.1277;3.3939260065858368
light-task-scheduler;2017;2014;Desktop/Server;Frameworks;2476;13;0;37;53;90;0.4111;0.5889;0;0;0;NaN;NaN;0.0;0.0;0.0;3.39375064034808
spock;2019;2010;Desktop/Server;Frameworks;2463;69;1;21;32;53;0.3962;0.6038;0;0;0;NaN;NaN;0.0;0.0;0.0;3.3914644118391033
transmittable-thread-local;2019;2013;Desktop/Server;Frameworks;2209;11;1;0;10;10;0.0;1.0;0;0;0;NaN;NaN;NaN;NaN;0.0;3.344195715871435
nutz;2019;2011;Desktop/Server;Frameworks;2171;59;45;32;35;67;0.4776;0.5224;8;4;12;0.6667;0.3333;0.25;0.1143;0.1143;3.3366598234544202
curator;2015;2011;Multi-platform;Frameworks;2038;19;3;0;4;4;0.0;1.0;0;1;1;0.0;1.0;NaN;NaN;0.25;3.3092041796704077
rest.li;2017;2012;Desktop/Server;Frameworks;1972;58;391;43;51;94;0.4574;0.5426;19;18;37;0.5135;0.4865;0.4419;0.3529;0.3529;3.2949069106051923
spring-cloud-gateway;2019;2016;Desktop/Server;Frameworks;1890;68;4;0;20;20;0.0;1.0;0;2;2;0.0;1.0;NaN;NaN;0.1;3.2764618041732443
ninja;2019;2012;Desktop/Server;Frameworks;1851;64;89;8;41;49;0.1633;0.8367;5;7;12;0.4167;0.5833;0.625;0.1707;0.1707;3.267406418752904
jetcache;2019;2017;Desktop/Server;Frameworks;1843;9;14;4;20;24;0.1667;0.8333;3;2;5;0.6;0.4;0.75;0.1;0.1;3.2655253352190736
AxonFramework;2019;2011;Desktop/Server;Frameworks;1788;107;215;38;44;82;0.4634;0.5366;18;10;28;0.6429;0.3571;0.4737;0.2273;0.2273;3.2523675144598987
atomix;2019;2014;Desktop/Server;Frameworks;1724;32;15;11;28;39;0.2821;0.7179;0;3;3;0.0;1.0;0.0;0.1071;0.1071;3.236537261488694
logback;2018;2009;Desktop/Server;Frameworks;1701;93;31;0;27;27;0.0;1.0;0;6;6;0.0;1.0;NaN;NaN;0.2222;3.230704313612569
pac4j;2019;2012;Multi-platform;Frameworks;1656;122;32;23;57;80;0.2875;0.7125;6;2;8;0.75;0.25;0.2609;0.0351;0.0351;3.219060332448861
spring-data-jpa;2019;2010;Desktop/Server;Frameworks;1620;63;100;1;22;23;0.0435;0.9565;1;9;10;0.1;0.9;1.0;0.4091;0.4091;3.2095150145426308
incubator-gobblin;2018;2014;Desktop/Server;Frameworks;1609;75;143;60;104;164;0.3659;0.6341;13;15;28;0.4643;0.5357;0.2167;0.1442;0.1442;3.2065560440990297
platform_frameworks_support;2019;2012;Mobile;Frameworks;1537;186;164;9;72;81;0.1111;0.8889;0;16;16;0.0;1.0;0.0;0.2222;0.2222;3.1866738674997452
framework;2019;2012;Desktop/Server;Frameworks;1528;181;412;37;55;92;0.4022;0.5978;12;18;30;0.4;0.6;0.3243;0.3273;0.3273;3.184123354239671
rapidoid;2018;2014;Desktop/Server;Frameworks;1437;15;5;3;52;55;0.0545;0.9455;0;3;3;0.0;1.0;0.0;0.0577;0.0577;3.157456768134226
sofa-bolt;2019;2018;Desktop/Server;Frameworks;1436;8;43;8;15;23;0.3478;0.6522;4;6;10;0.4;0.6;0.5;0.4;0.4;3.1571544399062814
SeimiCrawler;2019;2015;Desktop/Server;Frameworks;1417;4;0;3;18;21;0.1429;0.8571;0;0;0;NaN;NaN;0.0;0.0;0.0;3.1513698502474603
spring-batch;2019;2010;Desktop/Server;Frameworks;1353;97;614;54;64;118;0.4576;0.5424;31;34;65;0.4769;0.5231;0.5741;0.5312;0.5312;3.131297796597623
testng;2019;2010;Multi-platform;Frameworks;1350;136;81;5;36;41;0.122;0.878;1;10;11;0.0909;0.9091;0.2;0.2778;0.2778;3.130333768495006
galen;2019;2013;Desktop/Server;Frameworks;1341;15;24;5;24;29;0.1724;0.8276;1;1;2;0.5;0.5;0.2;0.0417;0.0417;3.127428777851599
jcommander;2017;2010;Multi-platform;Frameworks;1333;63;44;2;20;22;0.0909;0.9091;2;1;3;0.6667;0.3333;1.0;0.05;0.05;3.1248301494138593
BroadleafCommerce;2019;2011;Desktop/Server;Frameworks;1283;66;0;48;80;128;0.375;0.625;0;0;0;NaN;NaN;0.0;0.0;0.0;3.1082266563749283
NettyRpc;2016;2016;Desktop/Server;Frameworks;1274;1;0;0;12;12;0.0;1.0;0;0;0;NaN;NaN;NaN;NaN;0.0;3.1051694279993316
Resty;2016;2014;Desktop/Server;Frameworks;1257;4;0;15;28;43;0.3488;0.6512;0;0;0;NaN;NaN;0.0;0.0;0.0;3.0993352776859577
soot;2019;2012;Multi-platform;Frameworks;1234;82;20;26;52;78;0.3333;0.6667;0;7;7;0.0;1.0;0.0;0.1346;0.1346;3.091315159697223
grpc-spring-boot-starter;2019;2016;Desktop/Server;Frameworks;1220;7;0;0;10;10;0.0;1.0;0;0;0;NaN;NaN;NaN;NaN;0.0;3.0863598306747484
TarsosDSP;2015;2011;Desktop/Server;Frameworks;1168;16;0;0;18;18;0.0;1.0;0;0;0;NaN;NaN;NaN;NaN;0.0;3.0674428427763805
eclipse-collections;2019;2015;Desktop/Server;Frameworks;1166;50;1726;0;34;34;0.0;1.0;0;11;11;0.0;1.0;NaN;NaN;0.3235;3.0666985504229953
camunda-bpm-platform;2019;2013;Desktop/Server;Frameworks;1075;103;2111;49;76;125;0.392;0.608;21;12;33;0.6364;0.3636;0.4286;0.1579;0.1579;3.031408464251624
jooby;2019;2014;Desktop/Server;Frameworks;1074;51;4;6;41;47;0.1277;0.8723;3;0;3;1.0;0.0;0.5;0.0;0.0;3.0310042813635367
spring-data-mongodb;2019;2011;Multi-platform;Frameworks;1057;88;417;4;47;51;0.0784;0.9216;2;16;18;0.1111;0.8889;0.5;0.3404;0.3404;3.024074987307426
datumbox-framework;2017;2014;Desktop/Server;Frameworks;1046;2;0;0;26;26;0.0;1.0;0;0;0;NaN;NaN;NaN;NaN;0.0;3.0195316845312554
spring-data-redis;2019;2011;Desktop/Server;Frameworks;1035;59;383;12;33;45;0.2667;0.7333;9;17;26;0.3462;0.6538;0.75;0.5152;0.5152;3.0149403497929366
p6spy;2019;2010;Desktop/Server;Frameworks;963;25;11;1;22;23;0.0435;0.9565;0;3;3;0.0;1.0;0.0;0.1364;0.1364;2.9836262871245345
fastutil;2019;2015;Desktop/Server;Frameworks;950;10;83;0;12;12;0.0;1.0;0;4;4;0.0;1.0;NaN;NaN;0.3333;2.9777236052888476
pf4j;2019;2012;Desktop/Server;Frameworks;949;38;12;5;14;19;0.2632;0.7368;2;1;3;0.6667;0.3333;0.4;0.0714;0.0714;2.977266212427293
tinkerpop;2019;2015;Multi-platform;Frameworks;939;108;345;12;54;66;0.1818;0.8182;5;14;19;0.2632;0.7368;0.4167;0.2593;0.2593;2.972665592266111
xxl-sso;2018;2018;Multi-platform;Frameworks;922;4;0;0;8;8;0.0;1.0;0;0;0;NaN;NaN;NaN;NaN;0.0;2.9647309210536292
mango;2018;2013;Desktop/Server;Frameworks;863;1;52;26;32;58;0.4483;0.5517;10;4;14;0.7143;0.2857;0.3846;0.125;0.125;2.9360107957152097
wechat4j;2015;2014;Desktop/Server;Frameworks;859;6;0;1;2;3;0.3333;0.6667;0;0;0;NaN;NaN;0.0;0.0;0.0;2.9339931638312424
play-authenticate;2018;2012;Desktop/Server;Frameworks;823;47;0;7;12;19;0.3684;0.6316;0;0;0;NaN;NaN;0.0;0.0;0.0;2.91539983521227
fluent-validator;2016;2015;Desktop/Server;Frameworks;803;3;4;4;6;10;0.4;0.6;1;1;2;0.5;0.5;0.25;0.1667;0.1667;2.904715545278681
SpringBootUnity;2019;2016;Desktop/Server;Frameworks;775;4;0;1;16;17;0.0588;0.9412;0;0;0;NaN;NaN;0.0;0.0;0.0;2.88930170250631
airline;2017;2012;Desktop/Server;Frameworks;767;9;24;8;4;12;0.6667;0.3333;1;1;2;0.5;0.5;0.125;0.25;0.25;2.884795363948981
cuba;2019;2016;Desktop/Server;Frameworks;766;48;75;60;106;166;0.3614;0.6386;4;10;14;0.2857;0.7143;0.0667;0.0943;0.0943;2.884228769632604
latke;2019;2012;Desktop/Server;Frameworks;757;8;1;4;24;28;0.1429;0.8571;0;1;1;0.0;1.0;0.0;0.0417;0.0417;2.8790958795000727
gdx-ai;2019;2014;Multi-platform;Frameworks;746;16;0;2;13;15;0.1333;0.8667;0;0;0;NaN;NaN;0.0;0.0;0.0;2.8727388274726686
allure1;2017;2013;Desktop/Server;Frameworks;737;29;6;3;14;17;0.1765;0.8235;1;1;2;0.5;0.5;0.3333;0.0714;0.0714;2.8674674878590514
spring-statemachine;2019;2015;Desktop/Server;Frameworks;735;27;7;1;15;16;0.0625;0.9375;0;2;2;0.0;1.0;0.0;0.1333;0.1333;2.8662873390841948
citrus;2013;2011;Desktop/Server;Frameworks;727;1;489;53;64;117;0.453;0.547;34;25;59;0.5763;0.4237;0.6415;0.3906;0.3906;2.8615344108590377
kylo;2019;2017;Desktop/Server;Frameworks;718;36;69;83;133;216;0.3843;0.6157;6;14;20;0.3;0.7;0.0723;0.1053;0.1053;2.8561244442423
pippo;2018;2014;Desktop/Server;Frameworks;713;24;6;3;44;47;0.0638;0.9362;1;3;4;0.25;0.75;0.3333;0.0682;0.0682;2.8530895298518657
pigeon;2017;2016;Desktop/Server;Frameworks;705;4;0;19;47;66;0.2879;0.7121;0;0;0;NaN;NaN;0.0;0.0;0.0;2.848189116991399
sofa-ark;2019;2018;Desktop/Server;Frameworks;701;10;2;2;33;35;0.0571;0.9429;0;2;2;0.0;1.0;0.0;0.0606;0.0606;2.8457180179666586
jdonframework;2018;2011;Desktop/Server;Frameworks;798;1;0;4;48;52;0.0769;0.9231;0;0;0;NaN;NaN;0.0;0.0;0.0;2.9020028913507296
cicada;2019;2018;Desktop/Server;Frameworks;691;1;0;1;8;9;0.1111;0.8889;0;0;0;NaN;NaN;0.0;0.0;0.0;2.8394780473741985
javalite;2019;2013;Desktop/Server;Frameworks;689;45;34;15;37;52;0.2885;0.7115;4;3;7;0.5714;0.4286;0.2667;0.0811;0.0811;2.8382192219076257
jcseg;2019;2014;Desktop/Server;Frameworks;676;8;0;2;15;17;0.1176;0.8824;0;0;0;NaN;NaN;0.0;0.0;0.0;2.829946695941636
Fenzo;2019;2015;Desktop/Server;Frameworks;669;14;2;5;13;18;0.2778;0.7222;0;1;1;0.0;1.0;0.0;0.0769;0.0769;2.8254261177678233
univocity-parsers;2019;2014;Desktop/Server;Frameworks;661;14;26;5;20;25;0.2;0.8;4;1;5;0.8;0.2;0.8;0.05;0.05;2.82020145948564
spring-data-rest;2019;2012;Desktop/Server;Frameworks;650;44;105;5;26;31;0.1613;0.8387;5;6;11;0.4545;0.5455;1.0;0.2308;0.2308;2.8129133566428557
ja-micro;2019;2017;Desktop/Server;Frameworks;627;16;15;5;27;32;0.1562;0.8438;1;2;3;0.3333;0.6667;0.2;0.0741;0.0741;2.7972675408307164
RxJava;2019;2013;Multi-platform;Libraries;40557;237;1367;1;19;20;0.05;0.95;1;15;16;0.0625;0.9375;1.0;0.7895;0.7895;4.608065822764342
guava;2019;2014;Multi-platform;Libraries;33888;201;1615;16;58;74;0.2162;0.7838;12;29;41;0.2927;0.7073;0.75;0.5;0.5;4.530045938427391
Hystrix;2018;2012;Multi-platform;Libraries;18299;106;118;9;29;38;0.2368;0.7632;5;8;13;0.3846;0.6154;0.5556;0.2759;0.2759;4.26242735714309
gson;2018;2015;Multi-platform;Libraries;16515;95;185;4;26;30;0.1333;0.8667;3;12;15;0.2;0.8;0.75;0.4615;0.4615;4.217878578027433
disruptor;2018;2012;Desktop/Server;Libraries;11207;33;61;3;9;12;0.25;0.75;2;3;5;0.4;0.6;0.6667;0.3333;0.3333;4.049489371933556
tink;2019;2014;Multi-platform;Libraries;8392;53;337;0;34;34;0.0;1.0;0;11;11;0.0;1.0;NaN;NaN;0.3235;3.9238654751855013
dropwizard;2019;2011;Desktop/Server;Libraries;7363;346;148;8;59;67;0.1194;0.8806;5;17;22;0.2273;0.7727;0.625;0.2881;0.2881;3.867054800476702
caffeine;2019;2014;Multi-platform;Libraries;6576;27;471;1;43;44;0.0227;0.9773;1;17;18;0.0556;0.9444;1.0;0.3953;0.3953;3.817961804531994
react-native-image-picker;2019;2015;Mobile;Libraries;5678;113;0;0;6;6;0.0;1.0;0;0;0;NaN;NaN;NaN;NaN;0.0;3.7541953881898382
moshi;2018;2014;Multi-platform;Libraries;5469;44;193;2;24;26;0.0769;0.9231;2;9;11;0.1818;0.8182;1.0;0.375;0.375;3.737907923374639
rebound;2015;2013;Multi-platform;Libraries;5385;10;0;0;6;6;0.0;1.0;0;0;0;NaN;NaN;NaN;NaN;0.0;3.7311857076340003
async-http-client;2019;2011;Desktop/Server;Libraries;5133;162;76;4;33;37;0.1081;0.8919;3;8;11;0.2727;0.7273;0.75;0.2424;0.2424;3.710371264260763
scribejava;2019;2010;Desktop/Server;Libraries;4898;103;44;5;20;25;0.2;0.8;4;3;7;0.5714;0.4286;0.8;0.15;0.15;3.6900187807886953
resilience4j;2019;2015;Desktop/Server;Libraries;4265;67;165;8;23;31;0.2581;0.7419;6;9;15;0.4;0.6;0.75;0.3913;0.3913;3.629919035503542
socket.io-client-java;2017;2013;Multi-platform;Libraries;3926;13;0;0;5;5;0.0;1.0;0;0;0;NaN;NaN;NaN;NaN;0.0;3.5939502952639875
vavr;2019;2014;Multi-platform;Libraries;3427;91;511;3;17;20;0.15;0.85;2;12;14;0.1429;0.8571;0.6667;0.7059;0.7059;3.534914104429867
bitcoinj;2019;2013;Multi-platform;Libraries;3414;105;196;61;61;122;0.5;0.5;14;21;35;0.4;0.6;0.2295;0.3443;0.3443;3.5332635167787148
groovy;2019;2015;Multi-platform;Libraries;3396;279;62;37;78;115;0.3217;0.6783;5;12;17;0.2941;0.7059;0.1351;0.1538;0.1538;3.530967681571915
openapi-generator;2019;2018;Multi-platform;Libraries;3249;400;15;6;49;55;0.1091;0.8909;1;6;7;0.1429;0.8571;0.1667;0.1224;0.1224;3.511749711344983
ribbon;2019;2013;Desktop/Server;Libraries;3168;39;23;8;31;39;0.2051;0.7949;3;4;7;0.4286;0.5714;0.375;0.129;0.129;3.500785172917456
http-request;2015;2011;Multi-platform;Libraries;2984;14;7;1;9;10;0.1;0.9;1;1;2;0.5;0.5;1.0;0.1111;0.1111;3.474798818800631
open-location-code;2019;2014;Desktop/Server;Libraries;2873;43;0;1;5;6;0.1667;0.8333;0;0;0;NaN;NaN;0.0;0.0;0.0;3.4583356259919475
camel;2019;2009;Desktop/Server;Libraries;2872;320;1519;143;317;460;0.3109;0.6891;56;30;86;0.6512;0.3488;0.3916;0.0946;0.0946;3.4581844355702627
testcontainers-java;2019;2015;Multi-platform;Libraries;2851;179;40;11;43;54;0.2037;0.7963;2;9;11;0.1818;0.8182;0.1818;0.2093;0.2093;3.45499721730946
XChange;2019;2012;Desktop/Server;Libraries;2807;277;104;65;48;113;0.5752;0.4248;10;8;18;0.5556;0.4444;0.1538;0.1667;0.1667;3.448242412634439
shiro;2019;2009;Multi-platform;Libraries;2642;33;62;35;40;75;0.4667;0.5333;10;5;15;0.6667;0.3333;0.2857;0.125;0.125;3.4219328132785085
librec;2017;2014;Desktop/Server;Libraries;2503;20;0;1;17;18;0.0556;0.9444;0;0;0;NaN;NaN;0.0;0.0;0.0;3.3984608496082234
thumbnailator;2014;2015;Desktop/Server;Libraries;2474;1;315;1;10;11;0.0909;0.9091;1;7;8;0.125;0.875;1.0;0.7;0.7;3.393399695293102
lwjgl3;2019;2012;Multi-platform;Libraries;2390;26;1;0;22;22;0.0;1.0;0;1;1;0.0;1.0;NaN;NaN;0.0455;3.3783979009481375
Twitter4J;2018;2009;Multi-platform;Libraries;2382;124;13;3;37;40;0.075;0.925;1;2;3;0.3333;0.6667;0.3333;0.0541;0.0541;3.3769417571467586
loaderviewlibrary;2018;2016;Mobile;Libraries;2241;9;0;0;1;1;0.0;1.0;0;0;0;NaN;NaN;NaN;NaN;0.0;3.350441856535061
graphhopper;2019;2012;Multi-platform;Libraries;2220;75;43;7;44;51;0.1373;0.8627;1;7;8;0.125;0.875;0.1429;0.1591;0.1591;3.346352974450639
mortar;2016;2013;Multi-platform;Libraries;2186;18;23;0;14;14;0.0;1.0;0;3;3;0.0;1.0;NaN;NaN;0.2143;3.339650157613684
armeria;2019;2015;Desktop/Server;Libraries;2140;85;332;16;60;76;0.2105;0.7895;6;18;24;0.25;0.75;0.375;0.3;0.3;3.330413773349191
archaius;2019;2012;Desktop/Server;Libraries;2017;34;10;1;27;28;0.0357;0.9643;1;6;7;0.1429;0.8571;1.0;0.2222;0.2222;3.3047058982127653
http-kit;2019;2012;Desktop/Server;Libraries;1971;59;0;5;20;25;0.2;0.8;0;0;0;NaN;NaN;0.0;0.0;0.0;3.2946866242794433
jacoco;2019;2012;Multi-platform;Libraries;1830;36;101;2;35;37;0.0541;0.9459;1;9;10;0.1;0.9;0.5;0.2571;0.2571;3.2624510897304293
Space-Navigation-View;2017;2016;Mobile;Libraries;1830;9;0;0;3;3;0.0;1.0;0;0;0;NaN;NaN;NaN;NaN;0.0;3.2624510897304293
commons;2014;2011;Desktop/Server;Libraries;1829;76;129;26;49;75;0.3467;0.6533;7;18;25;0.28;0.72;0.2692;0.3673;0.3673;3.262213705476417
bt;2019;2016;Desktop/Server;Libraries;1768;11;15;6;43;49;0.1224;0.8776;0;5;5;0.0;1.0;0.0;0.1163;0.1163;3.2474822606770544
unirest-java;2019;2011;Desktop/Server;Libraries;1742;30;3;4;14;18;0.2222;0.7778;0;1;1;0.0;1.0;0.0;0.0714;0.0714;3.241048150671644
ENViews;2016;2016;Mobile;Libraries;1734;1;0;0;1;1;0.0;1.0;0;0;0;NaN;NaN;NaN;NaN;0.0;3.2390490931401916
emoji-java;2019;2014;Multi-platform;Libraries;1728;19;0;0;7;7;0.0;1.0;0;0;0;NaN;NaN;NaN;NaN;0.0;3.2375437381428744
mahout;2019;2014;Desktop/Server;Libraries;1719;33;106;7;38;45;0.1556;0.8444;4;7;11;0.3636;0.6364;0.5714;0.1842;0.1842;3.2352758766870524
tablesaw;2019;2016;Desktop/Server;Libraries;1617;37;31;2;19;21;0.0952;0.9048;1;4;5;0.2;0.8;0.5;0.2105;0.2105;3.208710019906401
assertj-core;2019;2013;Multi-platform;Libraries;1602;184;3462;4;28;32;0.125;0.875;3;13;16;0.1875;0.8125;0.75;0.4643;0.4643;3.204662511748219
CustomShapeImageView;2016;2013;Mobile;Libraries;1570;4;1;1;5;6;0.1667;0.8333;0;1;1;0.0;1.0;0.0;0.2;0.2;3.1958996524092336
webcam-capture;2018;2012;Desktop/Server;Libraries;1567;21;4;2;37;39;0.0513;0.9487;0;1;1;0.0;1.0;0.0;0.027;0.027;3.1950689964685903
helidon;2019;2018;Desktop/Server;Libraries;1562;34;238;30;87;117;0.2564;0.7436;10;22;32;0.3125;0.6875;0.3333;0.2529;0.2529;3.1936810295412816
jOOL;2018;2014;Multi-platform;Libraries;1553;20;60;2;10;12;0.1667;0.8333;1;5;6;0.1667;0.8333;0.5;0.5;0.5;3.1911714557285586
TelegramBots;2019;2016;Desktop/Server;Libraries;1526;55;13;4;19;23;0.1739;0.8261;1;2;3;0.3333;0.6667;0.25;0.1053;0.1053;3.1835545336188615
AppUpdater;2018;2016;Mobile;Libraries;1473;23;0;0;13;13;0.0;1.0;0;0;0;NaN;NaN;NaN;NaN;0.0;3.168202746842631
kryonet;2013;2013;Multi-platform;Libraries;1463;12;0;2;17;19;0.1053;0.8947;0;0;0;NaN;NaN;0.0;0.0;0.0;3.1652443261253107
HermesEventBus;2016;2016;Mobile;Libraries;1446;3;0;0;3;3;0.0;1.0;0;0;0;NaN;NaN;NaN;NaN;0.0;3.160168292958512
avro;2019;2009;Desktop/Server;Libraries;1378;121;160;17;39;56;0.3036;0.6964;9;14;23;0.3913;0.6087;0.5294;0.359;0.359;3.139249217571607
strman-java;2017;2016;Desktop/Server;Libraries;1318;7;5;0;1;1;0.0;1.0;0;1;1;0.0;1.0;NaN;NaN;1.0;3.119915410257991
servo;2019;2011;Desktop/Server;Libraries;1312;31;19;1;30;31;0.0323;0.9677;0;5;5;0.0;1.0;0.0;0.1667;0.1667;3.1179338350396413
protostuff;2018;2014;Desktop/Server;Libraries;1262;16;11;8;26;34;0.2353;0.7647;0;4;4;0.0;1.0;0.0;0.1538;0.1538;3.1010593549081156
Cipher.so;2018;2017;Multi-platform;Libraries;1259;2;0;0;2;2;0.0;1.0;0;0;0;NaN;NaN;NaN;NaN;0.0;3.1000257301078626
lanterna;2018;2015;Desktop/Server;Libraries;1231;35;0;0;15;15;0.0;1.0;0;0;0;NaN;NaN;NaN;NaN;0.0;3.090258052931316
docx4j;2019;2012;Desktop/Server;Libraries;1223;33;1;60;82;142;0.4225;0.5775;0;1;1;0.0;1.0;0.0;0.0122;0.0122;3.0874264570362855
google-maps-services-java;2019;2014;Multi-platform;Libraries;1206;70;15;2;17;19;0.1053;0.8947;0;3;3;0.0;1.0;0.0;0.1765;0.1765;3.0813473078041325
squirrel;2015;2013;Multi-platform;Libraries;1183;12;18;1;18;19;0.0526;0.9474;1;4;5;0.2;0.8;1.0;0.2222;0.2222;3.0729847446279304
zt-zip;2018;2011;Multi-platform;Libraries;1116;15;5;3;16;19;0.1579;0.8421;1;0;1;1.0;0.0;0.3333;0.0;0.0;3.04766419460156
ttorrent;2018;2011;Desktop/Server;Libraries;1107;12;10;3;32;35;0.0857;0.9143;1;5;6;0.1667;0.8333;0.3333;0.1562;0.1562;3.044147620878723
pi4j;2019;2012;Multi-platform;Libraries;1093;36;35;17;26;43;0.3953;0.6047;4;3;7;0.5714;0.4286;0.2353;0.1154;0.1154;3.038620161949703
commonmark-java;2019;2015;Multi-platform;Libraries;1072;20;1;0;6;6;0.0;1.0;0;1;1;0.0;1.0;NaN;NaN;0.1667;3.030194785356751
pushy;2019;2013;Multi-platform;Libraries;1057;28;20;2;18;20;0.1;0.9;1;3;4;0.25;0.75;0.5;0.1667;0.1667;3.024074987307426
itextpdf;2019;2013;Desktop/Server;Libraries;1057;29;19;34;54;88;0.3864;0.6136;7;2;9;0.7778;0.2222;0.2059;0.037;0.037;3.024074987307426
c3p0;2019;2012;Desktop/Server;Libraries;1037;5;0;4;38;42;0.0952;0.9048;0;0;0;NaN;NaN;0.0;0.0;0.0;3.015778756389041
imgscalr;2012;2010;Multi-platform;Libraries;981;7;0;0;4;4;0.0;1.0;0;0;0;NaN;NaN;NaN;NaN;0.0;2.9916690073799486
google-http-java-client;2019;2015;Multi-platform;Libraries;977;60;69;1;39;40;0.025;0.975;1;7;8;0.125;0.875;1.0;0.1795;0.1795;2.989894563718773
client_java;2019;2013;Desktop/Server;Libraries;967;89;26;0;24;24;0.0;1.0;0;5;5;0.0;1.0;NaN;NaN;0.2083;2.9854264740830017
pdfbox;2019;2009;Desktop/Server;Libraries;964;6;62;19;70;89;0.2135;0.7865;4;5;9;0.4444;0.5556;0.2105;0.0714;0.0714;2.984077033902831
sql2o;2018;2011;Desktop/Server;Libraries;942;21;5;2;17;19;0.1053;0.8947;1;1;2;0.5;0.5;0.5;0.0588;0.0588;2.9740509027928774
status-bar-compat;2017;2016;Mobile;Libraries;915;1;0;0;3;3;0.0;1.0;0;0;0;NaN;NaN;NaN;NaN;0.0;2.9614210940664485
EasySwipeMenuLayout;2019;2017;Mobile;Libraries;913;2;0;0;1;1;0.0;1.0;0;0;0;NaN;NaN;NaN;NaN;0.0;2.960470777534299
arthas;2019;2018;Desktop/Server;Tools;16656;67;7;5;34;39;0.1282;0.8718;0;1;1;0.0;1.0;0.0;0.0294;0.0294;4.221570712166461
dbeaver;2019;2015;Desktop/Server;Tools;10459;94;3;11;74;85;0.1294;0.8706;0;1;1;0.0;1.0;0.0;0.0135;0.0135;4.019490162997508
vert.x;2019;2011;Desktop/Server;Tools;10200;149;207;9;41;50;0.18;0.82;7;13;20;0.35;0.65;0.7778;0.3171;0.3171;4.008600171761918
pinpoint;2019;2014;Desktop/Server;Tools;9334;70;128;20;59;79;0.2532;0.7468;6;13;19;0.3158;0.6842;0.3;0.2203;0.2203;3.970067796549137
hutool;2019;2014;Desktop/Server;Tools;7546;7;7;28;74;102;0.2745;0.7255;3;4;7;0.4286;0.5714;0.1071;0.0541;0.0541;3.877716800864977
SimianArmy;2016;2012;Desktop/Server;Tools;7328;47;32;4;19;23;0.1739;0.8261;0;2;2;0.0;1.0;0.0;0.1053;0.1053;3.8649854606597938
CoreNLP;2018;2013;Multi-platform;Tools;6585;92;7;28;80;108;0.2593;0.7407;0;3;3;0.0;1.0;0.0;0.0375;0.0375;3.8185557792978027
OpenRefine;2019;2012;Desktop/Server;Tools;6529;103;21;10;43;53;0.1887;0.8113;2;5;7;0.2857;0.7143;0.2;0.1163;0.1163;3.814846668604463
antlr4;2018;2010;Desktop/Server;Tools;6399;181;25;8;29;37;0.2162;0.7838;0;5;5;0.0;1.0;0.0;0.1724;0.1724;3.8061121101690913
j2objc;2019;2014;Desktop/Server;Tools;5531;65;2164;228;29;257;0.8872;0.1128;104;5;109;0.9541;0.0459;0.4561;0.1724;0.1724;3.7428036584691657
checkstyle;2019;2013;Desktop/Server;Tools;4815;197;282;1;41;42;0.0238;0.9762;1;11;12;0.0833;0.9167;1.0;0.2683;0.2683;3.6825962914605532
GT;2018;2016;Mobile;Tools;3848;5;0;1;26;27;0.037;0.963;0;0;0;NaN;NaN;0.0;0.0;0.0;3.5852350633657752
wiremock;2019;2011;Multi-platform;Tools;3435;107;104;12;36;48;0.25;0.75;7;6;13;0.5385;0.4615;0.5833;0.1667;0.1667;3.5359267413955693
btrace;2018;2014;Multi-platform;Tools;3310;14;2;3;40;43;0.0698;0.9302;0;1;1;0.0;1.0;0.0;0.025;0.025;3.519827993775719
ice;2017;2013;Desktop/Server;Tools;2617;42;0;0;14;14;0.0;1.0;0;0;0;NaN;NaN;NaN;NaN;0.0;3.417803722639881
ysoserial;2017;2015;Desktop/Server;Tools;2501;20;3;1;33;34;0.0294;0.9706;0;1;1;0.0;1.0;0.0;0.0303;0.0303;3.3981136917305026
jvm-tools;2019;2012;Desktop/Server;Tools;2495;20;6;9;52;61;0.1475;0.8525;0;2;2;0.0;1.0;0.0;0.0385;0.0385;3.397070549959409
weixin-java-tools;2015;2014;Desktop/Server;Tools;2422;12;4;2;17;19;0.1053;0.8947;1;2;3;0.3333;0.6667;0.5;0.1176;0.1176;3.3841741388070337
micrometer;2019;2017;Desktop/Server;Tools;1867;109;89;2;42;44;0.0455;0.9545;2;5;7;0.2857;0.7143;1.0;0.119;0.119;3.2711443179490782
dockerfile-maven;2019;2016;Desktop/Server;Tools;1799;27;0;0;9;9;0.0;1.0;0;0;0;NaN;NaN;NaN;NaN;0.0;3.2550311633455515
RedisClient;2014;2014;Desktop/Server;Tools;1613;4;0;2;11;13;0.1538;0.8462;0;0;0;NaN;NaN;0.0;0.0;0.0;3.2076343673889616
spotbugs;2019;2016;Desktop/Server;Tools;1493;83;16;39;76;115;0.3391;0.6609;0;6;6;0.0;1.0;0.0;0.0789;0.0789;3.1740598077250253
scouter;2019;2015;Desktop/Server;Tools;1464;31;0;3;58;61;0.0492;0.9508;0;0;0;NaN;NaN;0.0;0.0;0.0;3.165541076722373
rest-client;2018;2014;Desktop/Server;Tools;1398;4;1;7;35;42;0.1667;0.8333;1;0;1;1.0;0.0;0.1429;0.0;0.0;3.1455071714096627
allure2;2019;2016;Desktop/Server;Tools;1334;42;2;2;23;25;0.08;0.92;0;0;0;NaN;NaN;0.0;0.0;0.0;3.12515582958053
PreLollipopTransition;2016;2015;Mobile;Tools;1323;4;0;0;8;8;0.0;1.0;0;0;0;NaN;NaN;NaN;NaN;0.0;3.1215598441875008
visualvm;2019;2016;Desktop/Server;Tools;1313;11;5;3;71;74;0.0405;0.9595;0;1;1;0.0;1.0;0.0;0.0141;0.0141;3.118264726089479
dr-elephant;2018;2016;Desktop/Server;Tools;959;42;18;0;37;37;0.0;1.0;0;2;2;0.0;1.0;NaN;NaN;0.0541;2.9818186071706636
caja;2019;2015;Desktop/Server;Tools;932;15;19;10;48;58;0.1724;0.8276;2;5;7;0.2857;0.7143;0.2;0.1042;0.1042;2.9694159123539814
teammates;2019;2014;Desktop/Server;Tools;909;359;9;15;41;56;0.2679;0.7321;2;0;2;1.0;0.0;0.1333;0.0;0.0;2.9585638832219674
autopsy;2019;2011;Desktop/Server;Tools;800;47;17;67;135;202;0.3317;0.6683;3;4;7;0.4286;0.5714;0.0448;0.0296;0.0296;2.9030899869919438
SchemaCrawler;2019;2015;Desktop/Server;Tools;777;2;37;6;32;38;0.1579;0.8421;3;3;6;0.5;0.5;0.5;0.0938;0.0938;2.890421018800914
tools-ocr;2019;2019;Desktop/Server;Tools;744;1;0;0;4;4;0.0;1.0;0;0;0;NaN;NaN;NaN;NaN;0.0;2.8715729355458786
umlet;2018;2015;Desktop/Server;Tools;744;14;52;7;37;44;0.1591;0.8409;2;0;2;1.0;0.0;0.2857;0.0;0.0;2.8715729355458786
JustWeTools;2016;2015;Desktop/Server;Tools;674;1;0;0;22;22;0.0;1.0;0;0;0;NaN;NaN;NaN;NaN;0.0;2.82865989653532
ffmpeg-cli-wrapper;2017;2014;Desktop/Server;Tools;673;13;17;0;19;19;0.0;1.0;0;4;4;0.0;1.0;NaN;NaN;0.2105;2.828015064223977
spring-roo;2018;2011;Desktop/Server;Tools;641;30;38;0;35;35;0.0;1.0;0;4;4;0.0;1.0;NaN;NaN;0.1143;2.8068580295188172
RegexGenerator;2015;2015;Desktop/Server;Tools;575;3;0;2;14;16;0.125;0.875;0;0;0;NaN;NaN;0.0;0.0;0.0;2.7596678446896306
redis-replicator;2019;2016;Desktop/Server;Tools;510;5;4;0;10;10;0.0;1.0;0;2;2;0.0;1.0;NaN;NaN;0.2;2.7075701760979363
xJavaFxTool;2019;2017;Desktop/Server;Tools;508;2;0;0;23;23;0.0;1.0;0;0;0;NaN;NaN;NaN;NaN;0.0;2.7058637122839193
aws-apigateway-importer;2015;2015;Desktop/Server;Tools;508;18;0;0;14;14;0.0;1.0;0;0;0;NaN;NaN;NaN;NaN;0.0;2.7058637122839193
jHiccup;2018;2013;Desktop/Server;Tools;507;16;0;0;9;9;0.0;1.0;0;0;0;NaN;NaN;NaN;NaN;0.0;2.705007959333336
compile-testing;2019;2013;Desktop/Server;Tools;504;23;10;1;11;12;0.0833;0.9167;1;3;4;0.25;0.75;1.0;0.2727;0.2727;2.7024305364455254
mxnet-model-server;2019;2017;Desktop/Server;Tools;499;36;0;12;26;38;0.3158;0.6842;0;0;0;NaN;NaN;0.0;0.0;0.0;2.6981005456233897
picard;2019;2014;Desktop/Server;Tools;499;91;98;3;34;37;0.0811;0.9189;1;9;10;0.1;0.9;0.3333;0.2647;0.2647;2.6981005456233897
portfolio;2019;2012;Desktop/Server;Tools;495;52;6;3;45;48;0.0625;0.9375;0;3;3;0.0;1.0;0.0;0.0667;0.0667;2.694605198933569
inspectIT;2018;2015;Desktop/Server;Tools;490;13;280;20;62;82;0.2439;0.7561;13;14;27;0.4815;0.5185;0.65;0.2258;0.2258;2.690196080028514
geometry-api-java;2019;2013;Desktop/Server;Tools;478;20;0;3;10;13;0.2308;0.7692;0;0;0;NaN;NaN;0.0;0.0;0.0;2.6794278966121188
mybatis-generator-gui-extension;2018;2017;Desktop/Server;Tools;472;1;0;0;14;14;0.0;1.0;0;0;0;NaN;NaN;NaN;NaN;0.0;2.673941998634088
java-dns-cache-manipulator;2016;2015;Desktop/Server;Tools;472;3;6;1;12;13;0.0769;0.9231;1;2;3;0.3333;0.6667;1.0;0.1667;0.1667;2.673941998634088
ananas-desktop;2019;2019;Desktop/Server;Tools;472;5;1;1;27;28;0.0357;0.9643;1;0;1;1.0;0.0;1.0;0.0;0.0;2.673941998634088
distributed-redis-tool;2018;2018;Desktop/Server;Tools;468;3;0;0;5;5;0.0;1.0;0;0;0;NaN;NaN;NaN;NaN;0.0;2.670245853074124
elasticsearch-knapsack;2016;2012;Desktop/Server;Tools;461;10;25;7;20;27;0.2593;0.7407;0;2;2;0.0;1.0;0.0;0.1;0.1;2.663700925389648
wx-tools;2018;2016;Desktop/Server;Tools;459;1;0;2;12;14;0.1429;0.8571;0;0;0;NaN;NaN;0.0;0.0;0.0;2.661812685537261
classpy;2018;2014;Desktop/Server;Tools;445;6;0;1;8;9;0.1111;0.8889;0;0;0;NaN;NaN;0.0;0.0;0.0;2.6483600109809315
lavagna;2018;2014;Desktop/Server;Tools;441;9;47;1;23;24;0.0417;0.9583;0;4;4;0.0;1.0;0.0;0.1739;0.1739;2.6444385894678386
minimesos;2017;2015;Desktop/Server;Tools;439;21;10;1;18;19;0.0526;0.9474;1;0;1;1.0;0.0;1.0;0.0;0.0;2.6424645202421213
enunciate;2019;2011;Desktop/Server;Tools;430;45;7;6;54;60;0.1;0.9;4;2;6;0.6667;0.3333;0.6667;0.037;0.037;2.6334684555795866
JApiDocs;2017;2017;Desktop/Server;Tools;426;2;0;0;5;5;0.0;1.0;0;0;0;NaN;NaN;NaN;NaN;0.0;2.629409599102719
Web-Karma;2018;2011;Desktop/Server;Tools;413;34;0;6;59;65;0.0923;0.9077;0;0;0;NaN;NaN;0.0;0.0;0.0;2.615950051656401
BlossomsPokemonGoManager;2017;2016;Desktop/Server;Tools;410;25;0;0;26;26;0.0;1.0;0;0;0;NaN;NaN;NaN;NaN;0.0;2.6127838567197355
typetools;2019;2010;Desktop/Server;Tools;410;9;3;0;3;3;0.0;1.0;0;2;2;0.0;1.0;NaN;NaN;0.6667;2.6127838567197355
wro4j;2016;2015;Desktop/Server;Tools;410;48;297;9;34;43;0.2093;0.7907;5;8;13;0.3846;0.6154;0.5556;0.2353;0.2353;2.6127838567197355
redpen;2018;2013;Desktop/Server;Tools;406;30;18;1;28;29;0.0345;0.9655;1;5;6;0.1667;0.8333;1.0;0.1786;0.1786;2.6085260335771943
cssembed;2011;2009;Desktop/Server;Tools;398;5;1;0;9;9;0.0;1.0;0;1;1;0.0;1.0;NaN;NaN;0.1111;2.5998830720736876
cassandra-unit;2019;2011;Desktop/Server;Tools;395;46;4;1;13;14;0.0714;0.9286;1;0;1;1.0;0.0;1.0;0.0;0.0;2.59659709562646
bnd;2019;2010;Desktop/Server;Tools;384;83;64;9;97;106;0.0849;0.9151;0;17;17;0.0;1.0;0.0;0.1753;0.1753;2.584331224367531
spring-boot-thin-launcher;2019;2016;Desktop/Server;Tools;380;8;7;0;27;27;0.0;1.0;0;2;2;0.0;1.0;NaN;NaN;0.0741;2.57978359661681
batfish;2019;2014;Desktop/Server;Tools;375;30;316;19;55;74;0.2568;0.7432;7;10;17;0.4118;0.5882;0.3684;0.1818;0.1818;2.574031267727719
JSCover;2019;2012;Desktop/Server;Tools;364;9;33;1;16;17;0.0588;0.9412;1;5;6;0.1667;0.8333;1.0;0.3125;0.3125;2.561101383649056
cosbench;2017;2013;Desktop/Server;Tools;361;14;2;41;30;71;0.5775;0.4225;1;0;1;1.0;0.0;0.0244;0.0;0.0;2.5575072019056577
igv;2019;2012;Desktop/Server;Tools;353;36;5;18;65;83;0.2169;0.7831;2;1;3;0.6667;0.3333;0.1111;0.0154;0.0154;2.5477747053878224
gerrit-intellij-plugin;2019;2013;Desktop/Server;Tools;346;21;0;0;16;16;0.0;1.0;0;0;0;NaN;NaN;NaN;NaN;0.0;2.5390760987927767
mongobee;2017;2014;Multi-platform;Tools;336;8;2;4;7;11;0.3636;0.6364;2;0;2;1.0;0.0;0.5;0.0;0.0;2.526339277389844
matrix-toolkits-java;2015;2013;Desktop/Server;Tools;335;10;0;4;7;11;0.3636;0.6364;0;0;0;NaN;NaN;0.0;0.0;0.0;2.525044807036845
reactive-audit;2014;2014;Desktop/Server;Tools;327;5;466;1;14;15;0.0667;0.9333;1;1;2;0.5;0.5;1.0;0.0714;0.0714;2.514547752660286
archi;2019;2011;Desktop/Server;Tools;313;9;26;5;26;31;0.1613;0.8387;2;4;6;0.3333;0.6667;0.4;0.1538;0.1538;2.4955443375464483
gumtree;2019;2014;Desktop/Server;Tools;309;15;7;3;21;24;0.125;0.875;1;1;2;0.5;0.5;0.3333;0.0476;0.0476;2.4899584794248346
eclipse-integration-gradle;2017;2012;Desktop/Server;Tools;305;14;14;6;29;35;0.1714;0.8286;1;3;4;0.25;0.75;0.1667;0.1034;0.1034;2.484299839346786
Jailer;2019;2011;Desktop/Server;Tools;302;2;0;7;40;47;0.1489;0.8511;0;0;0;NaN;NaN;0.0;0.0;0.0;2.4800069429571505
tinyMediaManager;2019;2015;Desktop/Server;Tools;299;11;1;3;44;47;0.0638;0.9362;0;1;1;0.0;1.0;0.0;0.0227;0.0227;2.4756711883244296
portmapper;2019;2013;Desktop/Server;Tools;297;3;0;3;18;21;0.1429;0.8571;0;0;0;NaN;NaN;0.0;0.0;0.0;2.4727564493172123
vulnerability-assessment-tool;2019;2018;Desktop/Server;Tools;296;9;23;16;64;80;0.2;0.8;2;3;5;0.4;0.6;0.125;0.0469;0.0469;2.4712917110589387
burp-rest-api;2018;2016;Desktop/Server;Tools;290;14;0;0;13;13;0.0;1.0;0;0;0;NaN;NaN;NaN;NaN;0.0;2.462397997898956
Kafdrop;2017;2016;Desktop/Server;Tools;280;5;0;2;10;12;0.1667;0.8333;0;0;0;NaN;NaN;0.0;0.0;0.0;2.4471580313422194
